﻿<?xml version="1.0" encoding="UTF-8" standalone="yes"?>
<addon id="plugin.video.movixws" name="Movix.me" version="1.3.3" provider-name="Movix">
    <requires>
        <import addon="xbmc.python" version="2.1.0"/>
		<import addon="repository.movix" />
        <import addon="script.module.urlresolver"/>
		<import addon="script.module.youtube.dl" />
        <import addon="script.module.simplejson" version="2.0.10"/>
        <import addon="script.module.requests" version="2.7.0"/>
		<import addon="script.module.simplejson" /> 
    </requires>
    <extension point="xbmc.python.pluginsource" library="main.py">
        <provides>video</provides>
    </extension>
    <extension point="xbmc.addon.metadata">
        <platform>all</platform>
        <supportedcontent>
          <content>tvshows</content>
        </supportedcontent>
    </extension>
</addon>